{"entities":{"pages":{"产品列表":{"id":"产品列表","title":"产品列表","url":".html","level":0,"pages":["云开新标签页","云开诗词新标签页"],"tabIndex":0},"云开新标签页":{"id":"云开新标签页","title":"云开新标签页","url":".html","level":1,"parentId":"产品列表","tabIndex":0},"云开诗词新标签页":{"id":"云开诗词新标签页","title":"云开诗词新标签页","url":".html","level":1,"parentId":"产品列表","tabIndex":1},"关于作者":{"id":"关于作者","title":"关于作者","url":".html","level":0,"tabIndex":1}}},"topLevelIds":["产品列表","关于作者"]}